group_code,group_name,user_code,user_name,pages,events
G001,営業部1,U0001,利用者1,60,27
G001,営業部1,U0002,利用者2,41,20
G001,営業部1,U0003,利用者3,54,29
G001,営業部1,U0004,利用者4,49,23
G001,営業部1,U0005,利用者5,58,22
G002,開発部2,U0006,利用者6,46,25
G002,開発部2,U0007,利用者7,60,26
G002,開発部2,U0008,利用者8,44,22
G002,開発部2,U0009,利用者9,61,26
G002,開発部2,U0010,利用者10,44,22
G003,"サポート, 第一3",U0011,利用者11,41,18
G003,"サポート, 第一3",U0012,利用者12,51,22
G003,"サポート, 第一3",U0013,利用者13,56,23
G003,"サポート, 第一3",U0014,利用者14,54,27
G003,"サポート, 第一3",U0015,利用者15,47,22
G004,"企画""室""4",U0016,利用者16,47,21
G004,"企画""室""4",U0017,利用者17,56,25
G004,"企画""室""4",U0018,利用者18,50,22
G004,"企画""室""4",U0019,利用者19,58,25
G004,"企画""室""4",U0020,利用者20,41,20
