group_code,group_name,users,amount,charges
G001,営業部1,25,33950,63
G002,開発部2,25,35190,57
G003,"サポート, 第一3",25,33620,63
G004,"企画""室""4",25,31830,55
G005,経理5,25,34030,64
G006,営業部6,25,34210,56
G007,開発部7,25,33910,67
G008,"サポート, 第一8",25,34380,62
G009,"企画""室""9",25,33770,61
G010,経理10,25,33930,64
G011,営業部11,25,34370,63
G012,開発部12,25,34140,60
G013,"サポート, 第一13",25,34400,64
G014,"企画""室""14",25,31740,53
G015,経理15,25,33210,60
G016,営業部16,25,34070,57
G017,開発部17,25,33210,57
G018,"サポート, 第一18",25,34500,68
G019,"企画""室""19",25,34750,67
G020,経理20,25,34830,65
G021,営業部21,25,33970,62
G022,開発部22,25,34180,63
G023,"サポート, 第一23",25,35320,65
G024,"企画""室""24",25,33820,60
G025,経理25,25,35950,65
G026,営業部26,25,32180,54
G027,開発部27,25,31640,60
G028,"サポート, 第一28",25,33690,59
G029,"企画""室""29",25,31990,55
G030,経理30,25,34380,64
G031,営業部31,25,35130,59
G032,開発部32,25,32790,62
G033,"サポート, 第一33",25,33450,61
G034,"企画""室""34",25,34260,65
G035,経理35,25,36350,69
G036,営業部36,25,32540,55
G037,開発部37,25,36560,70
G038,"サポート, 第一38",25,34440,62
G039,"企画""室""39",25,36360,65
G040,経理40,25,33610,59
