group_code,group_name,users,pages,events
G001,営業部1,25,1288,585
G002,開発部2,25,1255,561
G003,"サポート, 第一3",25,1283,579
G004,"企画""室""4",25,1285,577
G005,経理5,25,1303,585
G006,営業部6,25,1309,596
G007,開発部7,25,1304,583
G008,"サポート, 第一8",25,1294,597
G009,"企画""室""9",25,1321,580
G010,経理10,25,1277,576
G011,営業部11,25,1310,591
G012,開発部12,25,1281,590
G013,"サポート, 第一13",25,1273,576
G014,"企画""室""14",25,1272,584
G015,経理15,25,1300,590
G016,営業部16,25,1276,582
G017,開発部17,25,1359,602
G018,"サポート, 第一18",25,1268,578
G019,"企画""室""19",25,1263,573
G020,経理20,25,1287,577
G021,営業部21,25,1325,588
G022,開発部22,25,1278,574
G023,"サポート, 第一23",25,1315,588
G024,"企画""室""24",25,1345,601
G025,経理25,25,1330,589
G026,営業部26,25,1279,584
G027,開発部27,25,1339,610
G028,"サポート, 第一28",25,1318,604
G029,"企画""室""29",25,1291,594
G030,経理30,25,1285,592
G031,営業部31,25,1303,597
G032,開発部32,25,1314,586
G033,"サポート, 第一33",25,1240,565
G034,"企画""室""34",25,1299,594
G035,経理35,25,1322,617
G036,営業部36,25,1310,594
G037,開発部37,25,1291,593
G038,"サポート, 第一38",25,1293,596
G039,"企画""室""39",25,1319,619
G040,経理40,25,1343,599
