group_code,group_name,user_code,user_name,amount,charges
G001,営業部1,U0001,利用者1,990,1
G001,営業部1,U0002,利用者2,1100,3
G001,営業部1,U0003,利用者3,1730,3
G001,営業部1,U0004,利用者4,990,1
G001,営業部1,U0005,利用者5,1640,3
G001,営業部1,U0006,利用者6,1260,3
G001,営業部1,U0007,利用者7,990,1
G001,営業部1,U0008,利用者8,1280,3
G001,営業部1,U0009,利用者9,1650,3
G001,営業部1,U0010,利用者10,2070,4
G001,営業部1,U0011,利用者11,1780,3
G001,営業部1,U0012,利用者12,990,1
G001,営業部1,U0013,利用者13,1660,4
G001,営業部1,U0014,利用者14,1550,3
G001,営業部1,U0015,利用者15,990,1
G001,営業部1,U0016,利用者16,1390,4
G001,営業部1,U0017,利用者17,1440,4
G001,営業部1,U0018,利用者18,990,1
G001,営業部1,U0019,利用者19,1130,2
G001,営業部1,U0020,利用者20,1500,3
G001,営業部1,U0021,利用者21,1430,3
G001,営業部1,U0022,利用者22,2120,4
G001,営業部1,U0023,利用者23,1290,2
G001,営業部1,U0024,利用者24,1000,2
G001,営業部1,U0025,利用者25,990,1
G002,開発部2,U0026,利用者26,1960,4
G002,開発部2,U0027,利用者27,1380,2
G002,開発部2,U0028,利用者28,1430,2
G002,開発部2,U0029,利用者29,990,1
G002,開発部2,U0030,利用者30,2390,4
G002,開発部2,U0031,利用者31,990,1
G002,開発部2,U0032,利用者32,990,1
G002,開発部2,U0033,利用者33,1560,3
G002,開発部2,U0034,利用者34,1230,3
G002,開発部2,U0035,利用者35,990,1
G002,開発部2,U0036,利用者36,990,1
G002,開発部2,U0037,利用者37,2040,4
G002,開発部2,U0038,利用者38,1540,3
G002,開発部2,U0039,利用者39,990,1
G002,開発部2,U0040,利用者40,2050,4
G002,開発部2,U0041,利用者41,1070,2
G002,開発部2,U0042,利用者42,990,1
G002,開発部2,U0043,利用者43,990,1
G002,開発部2,U0044,利用者44,1120,2
G002,開発部2,U0045,利用者45,1830,3
G002,開発部2,U0046,利用者46,1530,4
G002,開発部2,U0047,利用者47,990,1
G002,開発部2,U0048,利用者48,990,1
G002,開発部2,U0049,利用者49,1950,3
G002,開発部2,U0050,利用者50,2210,4
G003,"サポート, 第一3",U0051,利用者51,1350,4
G003,"サポート, 第一3",U0052,利用者52,1930,4
G003,"サポート, 第一3",U0053,利用者53,1240,2
G003,"サポート, 第一3",U0054,利用者54,1090,2
G003,"サポート, 第一3",U0055,利用者55,1290,2
G003,"サポート, 第一3",U0056,利用者56,1730,3
G003,"サポート, 第一3",U0057,利用者57,990,1
G003,"サポート, 第一3",U0058,利用者58,990,1
G003,"サポート, 第一3",U0059,利用者59,1280,4
G003,"サポート, 第一3",U0060,利用者60,1130,3
G003,"サポート, 第一3",U0061,利用者61,1480,3
G003,"サポート, 第一3",U0062,利用者62,1480,3
G003,"サポート, 第一3",U0063,利用者63,1480,2
G003,"サポート, 第一3",U0064,利用者64,1110,2
G003,"サポート, 第一3",U0065,利用者65,1090,2
G003,"サポート, 第一3",U0066,利用者66,1020,2
G003,"サポート, 第一3",U0067,利用者67,1970,4
G003,"サポート, 第一3",U0068,利用者68,990,1
G003,"サポート, 第一3",U0069,利用者69,1340,2
G003,"サポート, 第一3",U0070,利用者70,1410,4
G003,"サポート, 第一3",U0071,利用者71,1920,4
G003,"サポート, 第一3",U0072,利用者72,1420,2
G003,"サポート, 第一3",U0073,利用者73,1310,2
G003,"サポート, 第一3",U0074,利用者74,1590,3
G003,"サポート, 第一3",U0075,利用者75,990,1
G004,"企画""室""4",U0076,利用者76,1460,3
G004,"企画""室""4",U0077,利用者77,1020,2
G004,"企画""室""4",U0078,利用者78,990,1
G004,"企画""室""4",U0079,利用者79,1390,2
G004,"企画""室""4",U0080,利用者80,990,1
G004,"企画""室""4",U0081,利用者81,1450,3
G004,"企画""室""4",U0082,利用者82,1040,2
G004,"企画""室""4",U0083,利用者83,1200,2
G004,"企画""室""4",U0084,利用者84,1270,2
G004,"企画""室""4",U0085,利用者85,990,1
G004,"企画""室""4",U0086,利用者86,1160,2
G004,"企画""室""4",U0087,利用者87,1710,4
G004,"企画""室""4",U0088,利用者88,1310,2
G004,"企画""室""4",U0089,利用者89,1390,3
G004,"企画""室""4",U0090,利用者90,1410,2
G004,"企画""室""4",U0091,利用者91,1600,3
G004,"企画""室""4",U0092,利用者92,1300,3
G004,"企画""室""4",U0093,利用者93,1050,2
G004,"企画""室""4",U0094,利用者94,990,1
G004,"企画""室""4",U0095,利用者95,1880,4
G004,"企画""室""4",U0096,利用者96,1640,3
G004,"企画""室""4",U0097,利用者97,1090,2
G004,"企画""室""4",U0098,利用者98,990,1
G004,"企画""室""4",U0099,利用者99,1520,3
G004,"企画""室""4",U0100,利用者100,990,1
G005,経理5,U0101,利用者101,1430,3
G005,経理5,U0102,利用者102,1280,2
G005,経理5,U0103,利用者103,1600,3
G005,経理5,U0104,利用者104,2090,4
G005,経理5,U0105,利用者105,1060,2
G005,経理5,U0106,利用者106,1400,2
G005,経理5,U0107,利用者107,990,1
G005,経理5,U0108,利用者108,1420,3
G005,経理5,U0109,利用者109,1340,2
G005,経理5,U0110,利用者110,1270,2
G005,経理5,U0111,利用者111,1520,4
G005,経理5,U0112,利用者112,1670,3
G005,経理5,U0113,利用者113,1250,3
G005,経理5,U0114,利用者114,990,1
G005,経理5,U0115,利用者115,990,1
G005,経理5,U0116,利用者116,1030,2
G005,経理5,U0117,利用者117,1370,4
G005,経理5,U0118,利用者118,990,1
G005,経理5,U0119,利用者119,1350,2
G005,経理5,U0120,利用者120,1710,4
G005,経理5,U0121,利用者121,1340,4
G005,経理5,U0122,利用者122,1140,2
G005,経理5,U0123,利用者123,2010,4
G005,経理5,U0124,利用者124,990,1
G005,経理5,U0125,利用者125,1800,4
G006,営業部6,U0126,利用者126,990,1
G006,営業部6,U0127,利用者127,1400,2
G006,営業部6,U0128,利用者128,1690,3
G006,営業部6,U0129,利用者129,990,1
G006,営業部6,U0130,利用者130,1340,2
G006,営業部6,U0131,利用者131,990,1
G006,営業部6,U0132,利用者132,1610,3
G006,営業部6,U0133,利用者133,1550,3
G006,営業部6,U0134,利用者134,2110,4
G006,営業部6,U0135,利用者135,1270,2
G006,営業部6,U0136,利用者136,1670,4
G006,営業部6,U0137,利用者137,1830,4
G006,営業部6,U0138,利用者138,1890,4
G006,営業部6,U0139,利用者139,1370,2
G006,営業部6,U0140,利用者140,1460,3
G006,営業部6,U0141,利用者141,1430,3
G006,営業部6,U0142,利用者142,1400,2
G006,営業部6,U0143,利用者143,1140,2
G006,営業部6,U0144,利用者144,990,1
G006,営業部6,U0145,利用者145,990,1
G006,営業部6,U0146,利用者146,1490,2
G006,営業部6,U0147,利用者147,990,1
G006,営業部6,U0148,利用者148,990,1
G006,営業部6,U0149,利用者149,1640,3
G006,営業部6,U0150,利用者150,990,1
G007,開発部7,U0151,利用者151,1060,2
G007,開発部7,U0152,利用者152,1360,2
G007,開発部7,U0153,利用者153,1630,3
G007,開発部7,U0154,利用者154,1180,3
G007,開発部7,U0155,利用者155,990,1
G007,開発部7,U0156,利用者156,1150,2
G007,開発部7,U0157,利用者157,1390,3
G007,開発部7,U0158,利用者158,1530,3
G007,開発部7,U0159,利用者159,1530,3
G007,開発部7,U0160,利用者160,1940,4
G007,開発部7,U0161,利用者161,990,1
G007,開発部7,U0162,利用者162,1420,4
G007,開発部7,U0163,利用者163,990,1
G007,開発部7,U0164,利用者164,1500,4
G007,開発部7,U0165,利用者165,990,1
G007,開発部7,U0166,利用者166,1540,3
G007,開発部7,U0167,利用者167,1210,2
G007,開発部7,U0168,利用者168,1410,2
G007,開発部7,U0169,利用者169,1370,2
G007,開発部7,U0170,利用者170,1210,4
G007,開発部7,U0171,利用者171,1320,2
G007,開発部7,U0172,利用者172,1260,3
G007,開発部7,U0173,利用者173,1590,4
G007,開発部7,U0174,利用者174,2040,4
G007,開発部7,U0175,利用者175,1310,4
G008,"サポート, 第一8",U0176,利用者176,990,1
G008,"サポート, 第一8",U0177,利用者177,990,1
G008,"サポート, 第一8",U0178,利用者178,1230,2
G008,"サポート, 第一8",U0179,利用者179,1940,4
G008,"サポート, 第一8",U0180,利用者180,1020,2
G008,"サポート, 第一8",U0181,利用者181,990,1
G008,"サポート, 第一8",U0182,利用者182,1480,3
G008,"サポート, 第一8",U0183,利用者183,990,1
G008,"サポート, 第一8",U0184,利用者184,1370,2
G008,"サポート, 第一8",U0185,利用者185,1770,4
G008,"サポート, 第一8",U0186,利用者186,1390,2
G008,"サポート, 第一8",U0187,利用者187,990,1
G008,"サポート, 第一8",U0188,利用者188,1440,3
G008,"サポート, 第一8",U0189,利用者189,1440,4
G008,"サポート, 第一8",U0190,利用者190,1730,4
G008,"サポート, 第一8",U0191,利用者191,1590,3
G008,"サポート, 第一8",U0192,利用者192,2050,4
G008,"サポート, 第一8",U0193,利用者193,1350,3
G008,"サポート, 第一8",U0194,利用者194,1840,3
G008,"サポート, 第一8",U0195,利用者195,1210,2
G008,"サポート, 第一8",U0196,利用者196,1750,3
G008,"サポート, 第一8",U0197,利用者197,1070,3
G008,"サポート, 第一8",U0198,利用者198,990,1
G008,"サポート, 第一8",U0199,利用者199,1110,2
G008,"サポート, 第一8",U0200,利用者200,1660,3
G009,"企画""室""9",U0201,利用者201,1700,4
G009,"企画""室""9",U0202,利用者202,990,1
G009,"企画""室""9",U0203,利用者203,1450,3
G009,"企画""室""9",U0204,利用者204,1410,3
G009,"企画""室""9",U0205,利用者205,990,1
G009,"企画""室""9",U0206,利用者206,1530,4
G009,"企画""室""9",U0207,利用者207,1140,2
G009,"企画""室""9",U0208,利用者208,1200,2
G009,"企画""室""9",U0209,利用者209,990,1
G009,"企画""室""9",U0210,利用者210,2010,4
G009,"企画""室""9",U0211,利用者211,1040,2
G009,"企画""室""9",U0212,利用者212,1530,3
G009,"企画""室""9",U0213,利用者213,1270,2
G009,"企画""室""9",U0214,利用者214,1710,3
G009,"企画""室""9",U0215,利用者215,1550,3
G009,"企画""室""9",U0216,利用者216,1620,4
G009,"企画""室""9",U0217,利用者217,1250,2
G009,"企画""室""9",U0218,利用者218,1310,4
G009,"企画""室""9",U0219,利用者219,1220,2
G009,"企画""室""9",U0220,利用者220,1690,3
G009,"企画""室""9",U0221,利用者221,990,1
G009,"企画""室""9",U0222,利用者222,1400,2
G009,"企画""室""9",U0223,利用者223,1310,2
G009,"企画""室""9",U0224,利用者224,990,1
G009,"企画""室""9",U0225,利用者225,1480,2
G010,経理10,U0226,利用者226,1640,4
G010,経理10,U0227,利用者227,1780,4
G010,経理10,U0228,利用者228,1820,3
G010,経理10,U0229,利用者229,990,1
G010,経理10,U0230,利用者230,1580,3
G010,経理10,U0231,利用者231,1490,3
G010,経理10,U0232,利用者232,1200,4
G010,経理10,U0233,利用者233,1170,2
G010,経理10,U0234,利用者234,1580,4
G010,経理10,U0235,利用者235,990,1
G010,経理10,U0236,利用者236,1420,3
G010,経理10,U0237,利用者237,1880,3
G010,経理10,U0238,利用者238,990,1
G010,経理10,U0239,利用者239,990,1
G010,経理10,U0240,利用者240,990,1
G010,経理10,U0241,利用者241,1260,3
G010,経理10,U0242,利用者242,1600,4
G010,経理10,U0243,利用者243,1170,2
G010,経理10,U0244,利用者244,990,1
G010,経理10,U0245,利用者245,2070,4
G010,経理10,U0246,利用者246,1360,3
G010,経理10,U0247,利用者247,1150,2
G010,経理10,U0248,利用者248,1030,2
G010,経理10,U0249,利用者249,1800,4
G010,経理10,U0250,利用者250,990,1
G011,営業部11,U0251,利用者251,1430,2
G011,営業部11,U0252,利用者252,1690,4
G011,営業部11,U0253,利用者253,990,1
G011,営業部11,U0254,利用者254,990,1
G011,営業部11,U0255,利用者255,1250,2
G011,営業部11,U0256,利用者256,1620,3
G011,営業部11,U0257,利用者257,1110,2
G011,営業部11,U0258,利用者258,1730,4
G011,営業部11,U0259,利用者259,1830,4
G011,営業部11,U0260,利用者260,990,1
G011,営業部11,U0261,利用者261,1300,2
G011,営業部11,U0262,利用者262,990,1
G011,営業部11,U0263,利用者263,1450,3
G011,営業部11,U0264,利用者264,2350,4
G011,営業部11,U0265,利用者265,1640,3
G011,営業部11,U0266,利用者266,990,1
G011,営業部11,U0267,利用者267,1000,2
G011,営業部11,U0268,利用者268,990,1
G011,営業部11,U0269,利用者269,1540,4
G011,営業部11,U0270,利用者270,1280,3
G011,営業部11,U0271,利用者271,1620,4
G011,営業部11,U0272,利用者272,1600,3
G011,営業部11,U0273,利用者273,1000,2
G011,営業部11,U0274,利用者274,1170,2
G011,営業部11,U0275,利用者275,1820,4
G012,開発部12,U0276,利用者276,1330,3
G012,開発部12,U0277,利用者277,1580,4
G012,開発部12,U0278,利用者278,1590,4
G012,開発部12,U0279,利用者279,1190,2
G012,開発部12,U0280,利用者280,1220,2
G012,開発部12,U0281,利用者281,1090,2
G012,開発部12,U0282,利用者282,1280,2
G012,開発部12,U0283,利用者283,1760,3
G012,開発部12,U0284,利用者284,2200,4
G012,開発部12,U0285,利用者285,1570,4
G012,開発部12,U0286,利用者286,990,1
G012,開発部12,U0287,利用者287,1670,4
G012,開発部12,U0288,利用者288,990,1
G012,開発部12,U0289,利用者289,1420,2
G012,開発部12,U0290,利用者290,1470,2
G012,開発部12,U0291,利用者291,1260,2
G012,開発部12,U0292,利用者292,1290,3
G012,開発部12,U0293,利用者293,1470,2
G012,開発部12,U0294,利用者294,1620,4
G012,開発部12,U0295,利用者295,1350,2
G012,開発部12,U0296,利用者296,1350,2
G012,開発部12,U0297,利用者297,1480,2
G012,開発部12,U0298,利用者298,990,1
G012,開発部12,U0299,利用者299,990,1
G012,開発部12,U0300,利用者300,990,1
G013,"サポート, 第一13",U0301,利用者301,1640,4
G013,"サポート, 第一13",U0302,利用者302,990,1
G013,"サポート, 第一13",U0303,利用者303,1630,3
G013,"サポート, 第一13",U0304,利用者304,1880,3
G013,"サポート, 第一13",U0305,利用者305,1050,2
G013,"サポート, 第一13",U0306,利用者306,1480,3
G013,"サポート, 第一13",U0307,利用者307,1260,3
G013,"サポート, 第一13",U0308,利用者308,1490,2
G013,"サポート, 第一13",U0309,利用者309,990,1
G013,"サポート, 第一13",U0310,利用者310,2270,4
G013,"サポート, 第一13",U0311,利用者311,1490,2
G013,"サポート, 第一13",U0312,利用者312,1080,3
G013,"サポート, 第一13",U0313,利用者313,990,1
G013,"サポート, 第一13",U0314,利用者314,1360,2
G013,"サポート, 第一13",U0315,利用者315,1190,3
G013,"サポート, 第一13",U0316,利用者316,2050,4
G013,"サポート, 第一13",U0317,利用者317,1420,4
G013,"サポート, 第一13",U0318,利用者318,1980,4
G013,"サポート, 第一13",U0319,利用者319,1000,2
G013,"サポート, 第一13",U0320,利用者320,1560,4
G013,"サポート, 第一13",U0321,利用者321,1100,2
G013,"サポート, 第一13",U0322,利用者322,990,1
G013,"サポート, 第一13",U0323,利用者323,1000,2
G013,"サポート, 第一13",U0324,利用者324,1070,2
G013,"サポート, 第一13",U0325,利用者325,1440,2
G014,"企画""室""14",U0326,利用者326,990,1
G014,"企画""室""14",U0327,利用者327,1250,2
G014,"企画""室""14",U0328,利用者328,990,1
G014,"企画""室""14",U0329,利用者329,1020,2
G014,"企画""室""14",U0330,利用者330,1820,4
G014,"企画""室""14",U0331,利用者331,990,1
G014,"企画""室""14",U0332,利用者332,2090,4
G014,"企画""室""14",U0333,利用者333,1410,4
G014,"企画""室""14",U0334,利用者334,990,1
G014,"企画""室""14",U0335,利用者335,990,1
G014,"企画""室""14",U0336,利用者336,1040,2
G014,"企画""室""14",U0337,利用者337,1300,2
G014,"企画""室""14",U0338,利用者338,990,1
G014,"企画""室""14",U0339,利用者339,990,1
G014,"企画""室""14",U0340,利用者340,1780,3
G014,"企画""室""14",U0341,利用者341,1600,4
G014,"企画""室""14",U0342,利用者342,1530,3
G014,"企画""室""14",U0343,利用者343,1610,4
G014,"企画""室""14",U0344,利用者344,990,1
G014,"企画""室""14",U0345,利用者345,1900,3
G014,"企画""室""14",U0346,利用者346,1370,3
G014,"企画""室""14",U0347,利用者347,990,1
G014,"企画""室""14",U0348,利用者348,990,1
G014,"企画""室""14",U0349,利用者349,1130,2
G014,"企画""室""14",U0350,利用者350,990,1
G015,経理15,U0351,利用者351,1620,3
G015,経理15,U0352,利用者352,1170,2
G015,経理15,U0353,利用者353,990,1
G015,経理15,U0354,利用者354,1480,4
G015,経理15,U0355,利用者355,1830,4
G015,経理15,U0356,利用者356,1170,2
G015,経理15,U0357,利用者357,1580,3
G015,経理15,U0358,利用者358,990,1
G015,経理15,U0359,利用者359,1200,2
G015,経理15,U0360,利用者360,990,1
G015,経理15,U0361,利用者361,990,1
G015,経理15,U0362,利用者362,1920,3
G015,経理15,U0363,利用者363,1180,2
G015,経理15,U0364,利用者364,1660,4
G015,経理15,U0365,利用者365,1070,2
G015,経理15,U0366,利用者366,1600,4
G015,経理15,U0367,利用者367,1600,4
G015,経理15,U0368,利用者368,2030,4
G015,経理15,U0369,利用者369,1610,3
G015,経理15,U0370,利用者370,990,1
G015,経理15,U0371,利用者371,1270,2
G015,経理15,U0372,利用者372,990,1
G015,経理15,U0373,利用者373,1150,2
G015,経理15,U0374,利用者374,1140,3
G015,経理15,U0375,利用者375,990,1
G016,営業部16,U0376,利用者376,1570,4
G016,営業部16,U0377,利用者377,1050,2
G016,営業部16,U0378,利用者378,1560,3
G016,営業部16,U0379,利用者379,1720,3
G016,営業部16,U0380,利用者380,2090,4
G016,営業部16,U0381,利用者381,1110,2
G016,営業部16,U0382,利用者382,990,1
G016,営業部16,U0383,利用者383,1700,3
G016,営業部16,U0384,利用者384,990,1
G016,営業部16,U0385,利用者385,1610,3
G016,営業部16,U0386,利用者386,990,1
G016,営業部16,U0387,利用者387,1290,2
G016,営業部16,U0388,利用者388,990,1
G016,営業部16,U0389,利用者389,990,1
G016,営業部16,U0390,利用者390,1520,3
G016,営業部16,U0391,利用者391,990,1
G016,営業部16,U0392,利用者392,990,1
G016,営業部16,U0393,利用者393,1450,3
G016,営業部16,U0394,利用者394,1570,3
G016,営業部16,U0395,利用者395,1280,2
G016,営業部16,U0396,利用者396,990,1
G016,営業部16,U0397,利用者397,1330,2
G016,営業部16,U0398,利用者398,2240,4
G016,営業部16,U0399,利用者399,2030,4
G016,営業部16,U0400,利用者400,1030,2
G017,開発部17,U0401,利用者401,1390,2
G017,開発部17,U0402,利用者402,1440,3
G017,開発部17,U0403,利用者403,990,1
G017,開発部17,U0404,利用者404,1700,4
G017,開発部17,U0405,利用者405,1670,3
G017,開発部17,U0406,利用者406,1370,3
G017,開発部17,U0407,利用者407,1280,2
G017,開発部17,U0408,利用者408,1180,2
G017,開発部17,U0409,利用者409,990,1
G017,開発部17,U0410,利用者410,1400,4
G017,開発部17,U0411,利用者411,1250,2
G017,開発部17,U0412,利用者412,990,1
G017,開発部17,U0413,利用者413,990,1
G017,開発部17,U0414,利用者414,990,1
G017,開発部17,U0415,利用者415,1260,2
G017,開発部17,U0416,利用者416,1420,2
G017,開発部17,U0417,利用者417,1570,3
G017,開発部17,U0418,利用者418,2060,4
G017,開発部17,U0419,利用者419,1430,2
G017,開発部17,U0420,利用者420,990,1
G017,開発部17,U0421,利用者421,1730,3
G017,開発部17,U0422,利用者422,1160,3
G017,開発部17,U0423,利用者423,1190,3
G017,開発部17,U0424,利用者424,990,1
G017,開発部17,U0425,利用者425,1780,3
G018,"サポート, 第一18",U0426,利用者426,1790,4
G018,"サポート, 第一18",U0427,利用者427,1250,4
G018,"サポート, 第一18",U0428,利用者428,1320,3
G018,"サポート, 第一18",U0429,利用者429,990,1
G018,"サポート, 第一18",U0430,利用者430,1260,3
G018,"サポート, 第一18",U0431,利用者431,1650,3
G018,"サポート, 第一18",U0432,利用者432,990,1
G018,"サポート, 第一18",U0433,利用者433,990,1
G018,"サポート, 第一18",U0434,利用者434,1710,4
G018,"サポート, 第一18",U0435,利用者435,1200,2
G018,"サポート, 第一18",U0436,利用者436,1420,2
G018,"サポート, 第一18",U0437,利用者437,1870,4
G018,"サポート, 第一18",U0438,利用者438,1050,2
G018,"サポート, 第一18",U0439,利用者439,990,1
G018,"サポート, 第一18",U0440,利用者440,990,1
G018,"サポート, 第一18",U0441,利用者441,2100,4
G018,"サポート, 第一18",U0442,利用者442,1690,4
G018,"サポート, 第一18",U0443,利用者443,1400,4
G018,"サポート, 第一18",U0444,利用者444,1460,3
G018,"サポート, 第一18",U0445,利用者445,1720,4
G018,"サポート, 第一18",U0446,利用者446,990,1
G018,"サポート, 第一18",U0447,利用者447,1640,3
G018,"サポート, 第一18",U0448,利用者448,1510,3
G018,"サポート, 第一18",U0449,利用者449,1350,3
G018,"サポート, 第一18",U0450,利用者450,1170,3
G019,"企画""室""19",U0451,利用者451,990,1
G019,"企画""室""19",U0452,利用者452,990,1
G019,"企画""室""19",U0453,利用者453,1190,2
G019,"企画""室""19",U0454,利用者454,1280,2
G019,"企画""室""19",U0455,利用者455,1190,3
G019,"企画""室""19",U0456,利用者456,1330,2
G019,"企画""室""19",U0457,利用者457,1450,4
G019,"企画""室""19",U0458,利用者458,2110,4
G019,"企画""室""19",U0459,利用者459,990,1
G019,"企画""室""19",U0460,利用者460,1260,2
G019,"企画""室""19",U0461,利用者461,1690,4
G019,"企画""室""19",U0462,利用者462,1650,3
G019,"企画""室""19",U0463,利用者463,1790,4
G019,"企画""室""19",U0464,利用者464,1350,4
G019,"企画""室""19",U0465,利用者465,1830,4
G019,"企画""室""19",U0466,利用者466,1180,2
G019,"企画""室""19",U0467,利用者467,990,1
G019,"企画""室""19",U0468,利用者468,1030,2
G019,"企画""室""19",U0469,利用者469,1520,3
G019,"企画""室""19",U0470,利用者470,1670,3
G019,"企画""室""19",U0471,利用者471,1280,2
G019,"企画""室""19",U0472,利用者472,1590,4
G019,"企画""室""19",U0473,利用者473,1740,4
G019,"企画""室""19",U0474,利用者474,990,1
G019,"企画""室""19",U0475,利用者475,1670,4
G020,経理20,U0476,利用者476,990,1
G020,経理20,U0477,利用者477,1490,3
G020,経理20,U0478,利用者478,990,1
G020,経理20,U0479,利用者479,1170,2
G020,経理20,U0480,利用者480,990,1
G020,経理20,U0481,利用者481,2030,4
G020,経理20,U0482,利用者482,1380,2
G020,経理20,U0483,利用者483,1040,3
G020,経理20,U0484,利用者484,1850,4
G020,経理20,U0485,利用者485,1640,3
G020,経理20,U0486,利用者486,990,1
G020,経理20,U0487,利用者487,1580,4
G020,経理20,U0488,利用者488,1680,4
G020,経理20,U0489,利用者489,1600,3
G020,経理20,U0490,利用者490,1110,3
G020,経理20,U0491,利用者491,1410,3
G020,経理20,U0492,利用者492,1230,2
G020,経理20,U0493,利用者493,1420,2
G020,経理20,U0494,利用者494,1880,4
G020,経理20,U0495,利用者495,1500,3
G020,経理20,U0496,利用者496,1610,4
G020,経理20,U0497,利用者497,1500,3
G020,経理20,U0498,利用者498,1430,2
G020,経理20,U0499,利用者499,990,1
G020,経理20,U0500,利用者500,1330,2
G021,営業部21,U0501,利用者501,990,1
G021,営業部21,U0502,利用者502,1780,3
G021,営業部21,U0503,利用者503,990,1
G021,営業部21,U0504,利用者504,1130,2
G021,営業部21,U0505,利用者505,1350,2
G021,営業部21,U0506,利用者506,990,1
G021,営業部21,U0507,利用者507,1240,2
G021,営業部21,U0508,利用者508,990,1
G021,営業部21,U0509,利用者509,1570,3
G021,営業部21,U0510,利用者510,1510,4
G021,営業部21,U0511,利用者511,1530,3
G021,営業部21,U0512,利用者512,1110,2
G021,営業部21,U0513,利用者513,1950,3
G021,営業部21,U0514,利用者514,990,1
G021,営業部21,U0515,利用者515,1200,2
G021,営業部21,U0516,利用者516,990,1
G021,営業部21,U0517,利用者517,990,1
G021,営業部21,U0518,利用者518,1680,3
G021,営業部21,U0519,利用者519,1860,4
G021,営業部21,U0520,利用者520,1210,4
G021,営業部21,U0521,利用者521,1330,2
G021,営業部21,U0522,利用者522,1790,4
G021,営業部21,U0523,利用者523,1540,4
G021,営業部21,U0524,利用者524,1940,4
G021,営業部21,U0525,利用者525,1320,4
G022,開発部22,U0526,利用者526,1650,4
G022,開発部22,U0527,利用者527,1550,4
G022,開発部22,U0528,利用者528,2000,4
G022,開発部22,U0529,利用者529,1280,2
G022,開発部22,U0530,利用者530,1070,2
G022,開発部22,U0531,利用者531,1730,4
G022,開発部22,U0532,利用者532,1250,3
G022,開発部22,U0533,利用者533,1910,4
G022,開発部22,U0534,利用者534,1330,2
G022,開発部22,U0535,利用者535,1750,3
G022,開発部22,U0536,利用者536,1820,4
G022,開発部22,U0537,利用者537,990,1
G022,開発部22,U0538,利用者538,990,1
G022,開発部22,U0539,利用者539,1470,2
G022,開発部22,U0540,利用者540,990,1
G022,開発部22,U0541,利用者541,990,1
G022,開発部22,U0542,利用者542,990,1
G022,開発部22,U0543,利用者543,1640,4
G022,開発部22,U0544,利用者544,1390,3
G022,開発部22,U0545,利用者545,1070,2
G022,開発部22,U0546,利用者546,1260,3
G022,開発部22,U0547,利用者547,1230,2
G022,開発部22,U0548,利用者548,1850,4
G022,開発部22,U0549,利用者549,990,1
G022,開発部22,U0550,利用者550,990,1
G023,"サポート, 第一23",U0551,利用者551,1390,2
G023,"サポート, 第一23",U0552,利用者552,1650,4
G023,"サポート, 第一23",U0553,利用者553,1880,4
G023,"サポート, 第一23",U0554,利用者554,1080,2
G023,"サポート, 第一23",U0555,利用者555,1520,3
G023,"サポート, 第一23",U0556,利用者556,1430,3
G023,"サポート, 第一23",U0557,利用者557,1780,3
G023,"サポート, 第一23",U0558,利用者558,990,1
G023,"サポート, 第一23",U0559,利用者559,990,1
G023,"サポート, 第一23",U0560,利用者560,1070,2
G023,"サポート, 第一23",U0561,利用者561,1170,3
G023,"サポート, 第一23",U0562,利用者562,990,1
G023,"サポート, 第一23",U0563,利用者563,1910,4
G023,"サポート, 第一23",U0564,利用者564,1340,2
G023,"サポート, 第一23",U0565,利用者565,1310,3
G023,"サポート, 第一23",U0566,利用者566,990,1
G023,"サポート, 第一23",U0567,利用者567,1810,4
G023,"サポート, 第一23",U0568,利用者568,2020,4
G023,"サポート, 第一23",U0569,利用者569,1270,2
G023,"サポート, 第一23",U0570,利用者570,1320,2
G023,"サポート, 第一23",U0571,利用者571,1190,2
G023,"サポート, 第一23",U0572,利用者572,1810,3
G023,"サポート, 第一23",U0573,利用者573,1120,2
G023,"サポート, 第一23",U0574,利用者574,1830,4
G023,"サポート, 第一23",U0575,利用者575,1460,3
G024,"企画""室""24",U0576,利用者576,1190,2
G024,"企画""室""24",U0577,利用者577,1530,3
G024,"企画""室""24",U0578,利用者578,990,1
G024,"企画""室""24",U0579,利用者579,1840,4
G024,"企画""室""24",U0580,利用者580,1600,3
G024,"企画""室""24",U0581,利用者581,1210,2
G024,"企画""室""24",U0582,利用者582,990,1
G024,"企画""室""24",U0583,利用者583,1790,4
G024,"企画""室""24",U0584,利用者584,1540,3
G024,"企画""室""24",U0585,利用者585,990,1
G024,"企画""室""24",U0586,利用者586,990,1
G024,"企画""室""24",U0587,利用者587,1360,2
G024,"企画""室""24",U0588,利用者588,1880,4
G024,"企画""室""24",U0589,利用者589,1220,3
G024,"企画""室""24",U0590,利用者590,1690,3
G024,"企画""室""24",U0591,利用者591,1350,2
G024,"企画""室""24",U0592,利用者592,990,1
G024,"企画""室""24",U0593,利用者593,1710,3
G024,"企画""室""24",U0594,利用者594,990,1
G024,"企画""室""24",U0595,利用者595,1440,3
G024,"企画""室""24",U0596,利用者596,990,1
G024,"企画""室""24",U0597,利用者597,1610,3
G024,"企画""室""24",U0598,利用者598,1220,3
G024,"企画""室""24",U0599,利用者599,1680,4
G024,"企画""室""24",U0600,利用者600,1030,2
G025,経理25,U0601,利用者601,1740,3
G025,経理25,U0602,利用者602,990,1
G025,経理25,U0603,利用者603,1400,4
G025,経理25,U0604,利用者604,1700,4
G025,経理25,U0605,利用者605,1080,2
G025,経理25,U0606,利用者606,1610,4
G025,経理25,U0607,利用者607,990,1
G025,経理25,U0608,利用者608,1860,3
G025,経理25,U0609,利用者609,1730,4
G025,経理25,U0610,利用者610,1490,2
G025,経理25,U0611,利用者611,1160,2
G025,経理25,U0612,利用者612,1850,4
G025,経理25,U0613,利用者613,1680,4
G025,経理25,U0614,利用者614,1310,2
G025,経理25,U0615,利用者615,1810,4
G025,経理25,U0616,利用者616,1360,2
G025,経理25,U0617,利用者617,1240,2
G025,経理25,U0618,利用者618,1670,3
G025,経理25,U0619,利用者619,990,1
G025,経理25,U0620,利用者620,1620,3
G025,経理25,U0621,利用者621,990,1
G025,経理25,U0622,利用者622,2120,4
G025,経理25,U0623,利用者623,1330,2
G025,経理25,U0624,利用者624,990,1
G025,経理25,U0625,利用者625,1240,2
G026,営業部26,U0626,利用者626,2080,4
G026,営業部26,U0627,利用者627,990,1
G026,営業部26,U0628,利用者628,1750,4
G026,営業部26,U0629,利用者629,990,1
G026,営業部26,U0630,利用者630,1220,2
G026,営業部26,U0631,利用者631,1340,3
G026,営業部26,U0632,利用者632,990,1
G026,営業部26,U0633,利用者633,1220,2
G026,営業部26,U0634,利用者634,990,1
G026,営業部26,U0635,利用者635,1780,4
G026,営業部26,U0636,利用者636,1240,4
G026,営業部26,U0637,利用者637,1450,2
G026,営業部26,U0638,利用者638,990,1
G026,営業部26,U0639,利用者639,990,1
G026,営業部26,U0640,利用者640,1040,2
G026,営業部26,U0641,利用者641,990,1
G026,営業部26,U0642,利用者642,990,1
G026,営業部26,U0643,利用者643,990,1
G026,営業部26,U0644,利用者644,1890,4
G026,営業部26,U0645,利用者645,990,1
G026,営業部26,U0646,利用者646,1560,3
G026,営業部26,U0647,利用者647,1700,3
G026,営業部26,U0648,利用者648,990,1
G026,営業部26,U0649,利用者649,1080,2
G026,営業部26,U0650,利用者650,1940,4
G027,開発部27,U0651,利用者651,1170,2
G027,開発部27,U0652,利用者652,1340,2
G027,開発部27,U0653,利用者653,1030,3
G027,開発部27,U0654,利用者654,1620,4
G027,開発部27,U0655,利用者655,990,1
G027,開発部27,U0656,利用者656,1560,4
G027,開発部27,U0657,利用者657,1570,3
G027,開発部27,U0658,利用者658,1400,4
G027,開発部27,U0659,利用者659,990,1
G027,開発部27,U0660,利用者660,990,1
G027,開発部27,U0661,利用者661,990,1
G027,開発部27,U0662,利用者662,1070,2
G027,開発部27,U0663,利用者663,1480,4
G027,開発部27,U0664,利用者664,990,1
G027,開発部27,U0665,利用者665,1980,4
G027,開発部27,U0666,利用者666,1920,4
G027,開発部27,U0667,利用者667,990,1
G027,開発部27,U0668,利用者668,990,1
G027,開発部27,U0669,利用者669,1070,3
G027,開発部27,U0670,利用者670,1320,3
G027,開発部27,U0671,利用者671,1510,3
G027,開発部27,U0672,利用者672,990,1
G027,開発部27,U0673,利用者673,1610,3
G027,開発部27,U0674,利用者674,1040,2
G027,開発部27,U0675,利用者675,1030,2
G028,"サポート, 第一28",U0676,利用者676,1650,3
G028,"サポート, 第一28",U0677,利用者677,1250,4
G028,"サポート, 第一28",U0678,利用者678,1110,2
G028,"サポート, 第一28",U0679,利用者679,990,1
G028,"サポート, 第一28",U0680,利用者680,1820,3
G028,"サポート, 第一28",U0681,利用者681,1380,3
G028,"サポート, 第一28",U0682,利用者682,1710,4
G028,"サポート, 第一28",U0683,利用者683,990,1
G028,"サポート, 第一28",U0684,利用者684,1920,4
G028,"サポート, 第一28",U0685,利用者685,1260,2
G028,"サポート, 第一28",U0686,利用者686,990,1
G028,"サポート, 第一28",U0687,利用者687,1450,4
G028,"サポート, 第一28",U0688,利用者688,990,1
G028,"サポート, 第一28",U0689,利用者689,1310,2
G028,"サポート, 第一28",U0690,利用者690,990,1
G028,"サポート, 第一28",U0691,利用者691,1420,2
G028,"サポート, 第一28",U0692,利用者692,1450,3
G028,"サポート, 第一28",U0693,利用者693,1550,4
G028,"サポート, 第一28",U0694,利用者694,1790,3
G028,"サポート, 第一28",U0695,利用者695,1250,2
G028,"サポート, 第一28",U0696,利用者696,990,1
G028,"サポート, 第一28",U0697,利用者697,990,1
G028,"サポート, 第一28",U0698,利用者698,990,1
G028,"サポート, 第一28",U0699,利用者699,1480,3
G028,"サポート, 第一28",U0700,利用者700,1970,3
G029,"企画""室""29",U0701,利用者701,990,1
G029,"企画""室""29",U0702,利用者702,1170,2
G029,"企画""室""29",U0703,利用者703,1090,2
G029,"企画""室""29",U0704,利用者704,990,1
G029,"企画""室""29",U0705,利用者705,1580,4
G029,"企画""室""29",U0706,利用者706,1440,2
G029,"企画""室""29",U0707,利用者707,1290,2
G029,"企画""室""29",U0708,利用者708,990,1
G029,"企画""室""29",U0709,利用者709,1770,4
G029,"企画""室""29",U0710,利用者710,1380,3
G029,"企画""室""29",U0711,利用者711,990,1
G029,"企画""室""29",U0712,利用者712,1690,4
G029,"企画""室""29",U0713,利用者713,1500,4
G029,"企画""室""29",U0714,利用者714,990,1
G029,"企画""室""29",U0715,利用者715,1150,2
G029,"企画""室""29",U0716,利用者716,1240,3
G029,"企画""室""29",U0717,利用者717,990,1
G029,"企画""室""29",U0718,利用者718,1200,2
G029,"企画""室""29",U0719,利用者719,1250,2
G029,"企画""室""29",U0720,利用者720,1360,2
G029,"企画""室""29",U0721,利用者721,1490,2
G029,"企画""室""29",U0722,利用者722,1320,2
G029,"企画""室""29",U0723,利用者723,1420,2
G029,"企画""室""29",U0724,利用者724,1720,4
G029,"企画""室""29",U0725,利用者725,990,1
G030,経理30,U0726,利用者726,1050,2
G030,経理30,U0727,利用者727,1340,2
G030,経理30,U0728,利用者728,1750,4
G030,経理30,U0729,利用者729,1550,3
G030,経理30,U0730,利用者730,1040,2
G030,経理30,U0731,利用者731,2020,4
G030,経理30,U0732,利用者732,1220,2
G030,経理30,U0733,利用者733,1020,2
G030,経理30,U0734,利用者734,1400,3
G030,経理30,U0735,利用者735,1850,3
G030,経理30,U0736,利用者736,990,1
G030,経理30,U0737,利用者737,1490,2
G030,経理30,U0738,利用者738,2280,4
G030,経理30,U0739,利用者739,1200,2
G030,経理30,U0740,利用者740,1540,3
G030,経理30,U0741,利用者741,990,1
G030,経理30,U0742,利用者742,1310,3
G030,経理30,U0743,利用者743,1480,3
G030,経理30,U0744,利用者744,1260,3
G030,経理30,U0745,利用者745,990,1
G030,経理30,U0746,利用者746,990,1
G030,経理30,U0747,利用者747,1710,4
G030,経理30,U0748,利用者748,1020,2
G030,経理30,U0749,利用者749,1480,4
G030,経理30,U0750,利用者750,1410,3
G031,営業部31,U0751,利用者751,1470,2
G031,営業部31,U0752,利用者752,990,1
G031,営業部31,U0753,利用者753,1310,2
G031,営業部31,U0754,利用者754,1660,3
G031,営業部31,U0755,利用者755,1490,2
G031,営業部31,U0756,利用者756,1370,2
G031,営業部31,U0757,利用者757,990,1
G031,営業部31,U0758,利用者758,1490,2
G031,営業部31,U0759,利用者759,1300,3
G031,営業部31,U0760,利用者760,990,1
G031,営業部31,U0761,利用者761,2180,4
G031,営業部31,U0762,利用者762,1010,2
G031,営業部31,U0763,利用者763,1760,3
G031,営業部31,U0764,利用者764,1800,4
G031,営業部31,U0765,利用者765,1760,3
G031,営業部31,U0766,利用者766,1730,4
G031,営業部31,U0767,利用者767,1160,2
G031,営業部31,U0768,利用者768,1440,3
G031,営業部31,U0769,利用者769,1610,4
G031,営業部31,U0770,利用者770,1900,4
G031,営業部31,U0771,利用者771,990,1
G031,営業部31,U0772,利用者772,990,1
G031,営業部31,U0773,利用者773,990,1
G031,営業部31,U0774,利用者774,1390,2
G031,営業部31,U0775,利用者775,1360,2
G032,開発部32,U0776,利用者776,990,1
G032,開発部32,U0777,利用者777,990,1
G032,開発部32,U0778,利用者778,990,1
G032,開発部32,U0779,利用者779,990,1
G032,開発部32,U0780,利用者780,1110,2
G032,開発部32,U0781,利用者781,990,1
G032,開発部32,U0782,利用者782,990,1
G032,開発部32,U0783,利用者783,1820,3
G032,開発部32,U0784,利用者784,1440,3
G032,開発部32,U0785,利用者785,990,1
G032,開発部32,U0786,利用者786,990,1
G032,開発部32,U0787,利用者787,1320,2
G032,開発部32,U0788,利用者788,1860,4
G032,開発部32,U0789,利用者789,1250,4
G032,開発部32,U0790,利用者790,1360,4
G032,開発部32,U0791,利用者791,1760,4
G032,開発部32,U0792,利用者792,1250,3
G032,開発部32,U0793,利用者793,1320,4
G032,開発部32,U0794,利用者794,1150,2
G032,開発部32,U0795,利用者795,1540,3
G032,開発部32,U0796,利用者796,2150,4
G032,開発部32,U0797,利用者797,1280,3
G032,開発部32,U0798,利用者798,1470,4
G032,開発部32,U0799,利用者799,1440,2
G032,開発部32,U0800,利用者800,1350,3
G033,"サポート, 第一33",U0801,利用者801,990,1
G033,"サポート, 第一33",U0802,利用者802,1050,2
G033,"サポート, 第一33",U0803,利用者803,1070,2
G033,"サポート, 第一33",U0804,利用者804,1540,3
G033,"サポート, 第一33",U0805,利用者805,1940,4
G033,"サポート, 第一33",U0806,利用者806,1640,4
G033,"サポート, 第一33",U0807,利用者807,990,1
G033,"サポート, 第一33",U0808,利用者808,990,1
G033,"サポート, 第一33",U0809,利用者809,1130,2
G033,"サポート, 第一33",U0810,利用者810,1790,3
G033,"サポート, 第一33",U0811,利用者811,1110,3
G033,"サポート, 第一33",U0812,利用者812,1030,2
G033,"サポート, 第一33",U0813,利用者813,990,1
G033,"サポート, 第一33",U0814,利用者814,990,1
G033,"サポート, 第一33",U0815,利用者815,1520,4
G033,"サポート, 第一33",U0816,利用者816,990,1
G033,"サポート, 第一33",U0817,利用者817,1580,4
G033,"サポート, 第一33",U0818,利用者818,1560,3
G033,"サポート, 第一33",U0819,利用者819,990,1
G033,"サポート, 第一33",U0820,利用者820,1840,3
G033,"サポート, 第一33",U0821,利用者821,1660,4
G033,"サポート, 第一33",U0822,利用者822,990,1
G033,"サポート, 第一33",U0823,利用者823,2220,4
G033,"サポート, 第一33",U0824,利用者824,1750,4
G033,"サポート, 第一33",U0825,利用者825,1100,2
G034,"企画""室""34",U0826,利用者826,1830,4
G034,"企画""室""34",U0827,利用者827,1220,2
G034,"企画""室""34",U0828,利用者828,1560,4
G034,"企画""室""34",U0829,利用者829,1290,3
G034,"企画""室""34",U0830,利用者830,1420,4
G034,"企画""室""34",U0831,利用者831,990,1
G034,"企画""室""34",U0832,利用者832,1340,2
G034,"企画""室""34",U0833,利用者833,1470,3
G034,"企画""室""34",U0834,利用者834,1300,3
G034,"企画""室""34",U0835,利用者835,1280,2
G034,"企画""室""34",U0836,利用者836,1070,2
G034,"企画""室""34",U0837,利用者837,1380,2
G034,"企画""室""34",U0838,利用者838,1370,3
G034,"企画""室""34",U0839,利用者839,1300,3
G034,"企画""室""34",U0840,利用者840,1750,3
G034,"企画""室""34",U0841,利用者841,1650,3
G034,"企画""室""34",U0842,利用者842,1310,3
G034,"企画""室""34",U0843,利用者843,1400,3
G034,"企画""室""34",U0844,利用者844,1470,2
G034,"企画""室""34",U0845,利用者845,1040,2
G034,"企画""室""34",U0846,利用者846,1670,3
G034,"企画""室""34",U0847,利用者847,990,1
G034,"企画""室""34",U0848,利用者848,1220,2
G034,"企画""室""34",U0849,利用者849,1460,2
G034,"企画""室""34",U0850,利用者850,1480,3
G035,経理35,U0851,利用者851,2130,4
G035,経理35,U0852,利用者852,990,1
G035,経理35,U0853,利用者853,1260,2
G035,経理35,U0854,利用者854,1440,3
G035,経理35,U0855,利用者855,1460,3
G035,経理35,U0856,利用者856,1630,3
G035,経理35,U0857,利用者857,1340,3
G035,経理35,U0858,利用者858,1190,2
G035,経理35,U0859,利用者859,1250,3
G035,経理35,U0860,利用者860,990,1
G035,経理35,U0861,利用者861,1050,2
G035,経理35,U0862,利用者862,1230,2
G035,経理35,U0863,利用者863,1990,4
G035,経理35,U0864,利用者864,1610,4
G035,経理35,U0865,利用者865,1790,4
G035,経理35,U0866,利用者866,1760,4
G035,経理35,U0867,利用者867,990,1
G035,経理35,U0868,利用者868,2010,4
G035,経理35,U0869,利用者869,1810,3
G035,経理35,U0870,利用者870,1040,2
G035,経理35,U0871,利用者871,1820,4
G035,経理35,U0872,利用者872,1110,2
G035,経理35,U0873,利用者873,1610,3
G035,経理35,U0874,利用者874,1860,4
G035,経理35,U0875,利用者875,990,1
G036,営業部36,U0876,利用者876,990,1
G036,営業部36,U0877,利用者877,1190,2
G036,営業部36,U0878,利用者878,990,1
G036,営業部36,U0879,利用者879,1340,2
G036,営業部36,U0880,利用者880,990,1
G036,営業部36,U0881,利用者881,1670,3
G036,営業部36,U0882,利用者882,1030,3
G036,営業部36,U0883,利用者883,1410,3
G036,営業部36,U0884,利用者884,1820,3
G036,営業部36,U0885,利用者885,1520,3
G036,営業部36,U0886,利用者886,990,1
G036,営業部36,U0887,利用者887,990,1
G036,営業部36,U0888,利用者888,1850,4
G036,営業部36,U0889,利用者889,1440,2
G036,営業部36,U0890,利用者890,990,1
G036,営業部36,U0891,利用者891,1780,3
G036,営業部36,U0892,利用者892,1110,2
G036,営業部36,U0893,利用者893,1830,4
G036,営業部36,U0894,利用者894,990,1
G036,営業部36,U0895,利用者895,1490,2
G036,営業部36,U0896,利用者896,1640,4
G036,営業部36,U0897,利用者897,1450,4
G036,営業部36,U0898,利用者898,990,1
G036,営業部36,U0899,利用者899,1060,2
G036,営業部36,U0900,利用者900,990,1
G037,開発部37,U0901,利用者901,990,1
G037,開発部37,U0902,利用者902,2100,4
G037,開発部37,U0903,利用者903,1560,3
G037,開発部37,U0904,利用者904,1500,3
G037,開発部37,U0905,利用者905,1720,4
G037,開発部37,U0906,利用者906,1300,3
G037,開発部37,U0907,利用者907,990,1
G037,開発部37,U0908,利用者908,1690,4
G037,開発部37,U0909,利用者909,1490,3
G037,開発部37,U0910,利用者910,1730,4
G037,開発部37,U0911,利用者911,1260,4
G037,開発部37,U0912,利用者912,1110,3
G037,開発部37,U0913,利用者913,990,1
G037,開発部37,U0914,利用者914,1880,4
G037,開発部37,U0915,利用者915,1520,3
G037,開発部37,U0916,利用者916,990,1
G037,開発部37,U0917,利用者917,1920,3
G037,開発部37,U0918,利用者918,2410,4
G037,開発部37,U0919,利用者919,1410,3
G037,開発部37,U0920,利用者920,1540,3
G037,開発部37,U0921,利用者921,1580,4
G037,開発部37,U0922,利用者922,990,1
G037,開発部37,U0923,利用者923,990,1
G037,開発部37,U0924,利用者924,1420,3
G037,開発部37,U0925,利用者925,1480,2
G038,"サポート, 第一38",U0926,利用者926,1670,4
G038,"サポート, 第一38",U0927,利用者927,990,1
G038,"サポート, 第一38",U0928,利用者928,1580,4
G038,"サポート, 第一38",U0929,利用者929,1060,2
G038,"サポート, 第一38",U0930,利用者930,990,1
G038,"サポート, 第一38",U0931,利用者931,990,1
G038,"サポート, 第一38",U0932,利用者932,1580,3
G038,"サポート, 第一38",U0933,利用者933,1290,3
G038,"サポート, 第一38",U0934,利用者934,1120,2
G038,"サポート, 第一38",U0935,利用者935,1490,3
G038,"サポート, 第一38",U0936,利用者936,1460,2
G038,"サポート, 第一38",U0937,利用者937,1390,2
G038,"サポート, 第一38",U0938,利用者938,1630,3
G038,"サポート, 第一38",U0939,利用者939,1500,3
G038,"サポート, 第一38",U0940,利用者940,990,1
G038,"サポート, 第一38",U0941,利用者941,1420,2
G038,"サポート, 第一38",U0942,利用者942,1740,3
G038,"サポート, 第一38",U0943,利用者943,1960,4
G038,"サポート, 第一38",U0944,利用者944,1300,3
G038,"サポート, 第一38",U0945,利用者945,2210,4
G038,"サポート, 第一38",U0946,利用者946,1840,4
G038,"サポート, 第一38",U0947,利用者947,990,1
G038,"サポート, 第一38",U0948,利用者948,990,1
G038,"サポート, 第一38",U0949,利用者949,1200,2
G038,"サポート, 第一38",U0950,利用者950,1060,3
G039,"企画""室""39",U0951,利用者951,1640,3
G039,"企画""室""39",U0952,利用者952,2000,4
G039,"企画""室""39",U0953,利用者953,1220,2
G039,"企画""室""39",U0954,利用者954,990,1
G039,"企画""室""39",U0955,利用者955,1400,4
G039,"企画""室""39",U0956,利用者956,990,1
G039,"企画""室""39",U0957,利用者957,1470,2
G039,"企画""室""39",U0958,利用者958,1180,2
G039,"企画""室""39",U0959,利用者959,1430,3
G039,"企画""室""39",U0960,利用者960,1330,2
G039,"企画""室""39",U0961,利用者961,1950,3
G039,"企画""室""39",U0962,利用者962,1960,4
G039,"企画""室""39",U0963,利用者963,1040,2
G039,"企画""室""39",U0964,利用者964,1940,4
G039,"企画""室""39",U0965,利用者965,990,1
G039,"企画""室""39",U0966,利用者966,990,1
G039,"企画""室""39",U0967,利用者967,1630,4
G039,"企画""室""39",U0968,利用者968,1370,2
G039,"企画""室""39",U0969,利用者969,990,1
G039,"企画""室""39",U0970,利用者970,1200,3
G039,"企画""室""39",U0971,利用者971,1430,2
G039,"企画""室""39",U0972,利用者972,2030,4
G039,"企画""室""39",U0973,利用者973,1870,3
G039,"企画""室""39",U0974,利用者974,1400,3
G039,"企画""室""39",U0975,利用者975,1920,4
G040,経理40,U0976,利用者976,990,1
G040,経理40,U0977,利用者977,1360,4
G040,経理40,U0978,利用者978,1120,2
G040,経理40,U0979,利用者979,990,1
G040,経理40,U0980,利用者980,1490,3
G040,経理40,U0981,利用者981,2010,4
G040,経理40,U0982,利用者982,1280,2
G040,経理40,U0983,利用者983,1770,4
G040,経理40,U0984,利用者984,990,1
G040,経理40,U0985,利用者985,1240,3
G040,経理40,U0986,利用者986,990,1
G040,経理40,U0987,利用者987,1270,2
G040,経理40,U0988,利用者988,2230,4
G040,経理40,U0989,利用者989,1430,3
G040,経理40,U0990,利用者990,1920,4
G040,経理40,U0991,利用者991,990,1
G040,経理40,U0992,利用者992,1230,2
G040,経理40,U0993,利用者993,990,1
G040,経理40,U0994,利用者994,1270,2
G040,経理40,U0995,利用者995,990,1
G040,経理40,U0996,利用者996,1420,3
G040,経理40,U0997,利用者997,1180,2
G040,経理40,U0998,利用者998,1440,3
G040,経理40,U0999,利用者999,1270,2
G040,経理40,U1000,利用者1000,1750,3
